Designator,Footprint,Quantity,Value,LCSC Part #
"C1, C2, C3, C6, C7, C8",CP_Radial_D16.0mm_P7.50mm,6,4700uF,
"C10, C4, C5, C9",C_Disc_D7.5mm_W5.0mm_P5.00mm,4,1uF,
D1,D_DO-35_P7.62mm_Horizontal,1,1N4007,
"D2, D3, D4, D5, D6",D_DO-41_SOD81_P10.16mm_Horizontal,5,1N4007,
J1,BarrelJack_CUI_PJ-102AH_Horizontal,1,12V AC,
J2,Pins_2x08_2.54mm_TH_EuroPower_Shrouded,1,Eurorack 16 pin male power connector,
"R1, R2",R_Box_L14.0mm_W5.0mm_P9.00mm,2,2.4K,
U1,TO-220-3_Vertical,1,LM7812T,
U2,TO-220-3_Vertical,1,LM7912,
